Size, Type, Time
50000, "Sequential", 0.013079
50000, "Parallel", 0.054220
50000, "Built-in", 0.009061
50000, "Sequential", 0.009463
50000, "Parallel", 0.045735
50000, "Built-in", 0.008996
50000, "Sequential", 0.008269
50000, "Parallel", 0.041411
50000, "Built-in", 0.009071
50000, "Sequential", 0.008988
50000, "Parallel", 0.037113
50000, "Built-in", 0.008900
50000, "Sequential", 0.008547
50000, "Parallel", 0.037601
50000, "Built-in", 0.009468
50000, "Sequential", 0.010756
50000, "Parallel", 0.075536
50000, "Built-in", 0.009380
50000, "Sequential", 0.011163
50000, "Parallel", 0.068180
50000, "Built-in", 0.010974
50000, "Sequential", 0.011746
50000, "Parallel", 0.067639
50000, "Built-in", 0.009611
50000, "Sequential", 0.009817
50000, "Parallel", 0.066722
50000, "Built-in", 0.010279
50000, "Sequential", 0.010447
50000, "Parallel", 0.058151
50000, "Built-in", 0.012160
50000, "Sequential", 0.010284
50000, "Parallel", 0.053178
50000, "Built-in", 0.009160
50000, "Sequential", 0.009715
50000, "Parallel", 0.036682
50000, "Built-in", 0.010055
50000, "Sequential", 0.010713
50000, "Parallel", 0.042924
50000, "Built-in", 0.009955
50000, "Sequential", 0.010724
50000, "Parallel", 0.045148
50000, "Built-in", 0.009990
50000, "Sequential", 0.010499
50000, "Parallel", 0.048456
50000, "Built-in", 0.010441
50000, "Sequential", 0.010777
50000, "Parallel", 0.056227
50000, "Built-in", 0.010045
50000, "Sequential", 0.010689
50000, "Parallel", 0.052648
50000, "Built-in", 0.011834
50000, "Sequential", 0.010545
50000, "Parallel", 0.049531
50000, "Built-in", 0.009524
50000, "Sequential", 0.009690
50000, "Parallel", 0.050135
50000, "Built-in", 0.012218
50000, "Sequential", 0.012582
50000, "Parallel", 0.046437
50000, "Built-in", 0.010459
100000, "Sequential", 0.023889
100000, "Parallel", 0.050332
100000, "Built-in", 0.022538
100000, "Sequential", 0.023634
100000, "Parallel", 0.058905
100000, "Built-in", 0.022323
100000, "Sequential", 0.023736
100000, "Parallel", 0.047072
100000, "Built-in", 0.020645
100000, "Sequential", 0.018497
100000, "Parallel", 0.057971
100000, "Built-in", 0.023433
100000, "Sequential", 0.022754
100000, "Parallel", 0.046349
100000, "Built-in", 0.021583
100000, "Sequential", 0.018350
100000, "Parallel", 0.051036
100000, "Built-in", 0.020279
100000, "Sequential", 0.016978
100000, "Parallel", 0.049503
100000, "Built-in", 0.022388
100000, "Sequential", 0.022232
100000, "Parallel", 0.059161
100000, "Built-in", 0.023647
100000, "Sequential", 0.022119
100000, "Parallel", 0.061055
100000, "Built-in", 0.025085
100000, "Sequential", 0.027077
100000, "Parallel", 0.056187
100000, "Built-in", 0.025518
100000, "Sequential", 0.022831
100000, "Parallel", 0.069842
100000, "Built-in", 0.022146
100000, "Sequential", 0.023050
100000, "Parallel", 0.056486
100000, "Built-in", 0.022428
100000, "Sequential", 0.019073
100000, "Parallel", 0.045170
100000, "Built-in", 0.020709
100000, "Sequential", 0.018605
100000, "Parallel", 0.048296
100000, "Built-in", 0.020641
100000, "Sequential", 0.019106
100000, "Parallel", 0.051614
100000, "Built-in", 0.020744
100000, "Sequential", 0.018548
100000, "Parallel", 0.046654
100000, "Built-in", 0.019735
100000, "Sequential", 0.017927
100000, "Parallel", 0.056485
100000, "Built-in", 0.018936
100000, "Sequential", 0.019853
100000, "Parallel", 0.054585
100000, "Built-in", 0.023445
100000, "Sequential", 0.024078
100000, "Parallel", 0.060552
100000, "Built-in", 0.025349
100000, "Sequential", 0.025041
100000, "Parallel", 0.066034
100000, "Built-in", 0.022289
200000, "Sequential", 0.041661
200000, "Parallel", 0.062811
200000, "Built-in", 0.043104
200000, "Sequential", 0.036886
200000, "Parallel", 0.054941
200000, "Built-in", 0.039218
200000, "Sequential", 0.042615
200000, "Parallel", 0.064515
200000, "Built-in", 0.041329
200000, "Sequential", 0.039117
200000, "Parallel", 0.067393
200000, "Built-in", 0.041031
200000, "Sequential", 0.040987
200000, "Parallel", 0.064023
200000, "Built-in", 0.041463
200000, "Sequential", 0.042683
200000, "Parallel", 0.063351
200000, "Built-in", 0.042535
200000, "Sequential", 0.039546
200000, "Parallel", 0.070385
200000, "Built-in", 0.040478
200000, "Sequential", 0.048244
200000, "Parallel", 0.124896
200000, "Built-in", 0.048088
200000, "Sequential", 0.050871
200000, "Parallel", 0.079257
200000, "Built-in", 0.057750
200000, "Sequential", 0.053535
200000, "Parallel", 0.082287
200000, "Built-in", 0.047801
200000, "Sequential", 0.065482
200000, "Parallel", 0.061873
200000, "Built-in", 0.045793
200000, "Sequential", 0.048185
200000, "Parallel", 0.068397
200000, "Built-in", 0.048660
200000, "Sequential", 0.050820
200000, "Parallel", 0.060450
200000, "Built-in", 0.042725
200000, "Sequential", 0.046331
200000, "Parallel", 0.066722
200000, "Built-in", 0.044988
200000, "Sequential", 0.050040
200000, "Parallel", 0.072759
200000, "Built-in", 0.045740
200000, "Sequential", 0.044223
200000, "Parallel", 0.067983
200000, "Built-in", 0.045349
200000, "Sequential", 0.048006
200000, "Parallel", 0.072799
200000, "Built-in", 0.045212
200000, "Sequential", 0.044777
200000, "Parallel", 0.067634
200000, "Built-in", 0.045574
200000, "Sequential", 0.044559
200000, "Parallel", 0.054703
200000, "Built-in", 0.045824
200000, "Sequential", 0.046592
200000, "Parallel", 0.066796
200000, "Built-in", 0.063305
300000, "Sequential", 0.095036
300000, "Parallel", 0.088407
300000, "Built-in", 0.078809
300000, "Sequential", 0.081117
300000, "Parallel", 0.095201
300000, "Built-in", 0.073560
300000, "Sequential", 0.073928
300000, "Parallel", 0.089166
300000, "Built-in", 0.082124
300000, "Sequential", 0.084663
300000, "Parallel", 0.084202
300000, "Built-in", 0.073327
300000, "Sequential", 0.081766
300000, "Parallel", 0.084102
300000, "Built-in", 0.082990
300000, "Sequential", 0.083256
300000, "Parallel", 0.093789
300000, "Built-in", 0.073272
300000, "Sequential", 0.068444
300000, "Parallel", 0.083028
300000, "Built-in", 0.063255
300000, "Sequential", 0.063805
300000, "Parallel", 0.092773
300000, "Built-in", 0.067607
300000, "Sequential", 0.070102
300000, "Parallel", 0.082027
300000, "Built-in", 0.060934
300000, "Sequential", 0.064279
300000, "Parallel", 0.081320
300000, "Built-in", 0.059682
300000, "Sequential", 0.064148
300000, "Parallel", 0.092441
300000, "Built-in", 0.060976
300000, "Sequential", 0.066409
300000, "Parallel", 0.081336
300000, "Built-in", 0.061282
300000, "Sequential", 0.066826
300000, "Parallel", 0.087348
300000, "Built-in", 0.060400
300000, "Sequential", 0.064449
300000, "Parallel", 0.084678
300000, "Built-in", 0.064451
300000, "Sequential", 0.061428
300000, "Parallel", 0.087232
300000, "Built-in", 0.061681
300000, "Sequential", 0.059850
300000, "Parallel", 0.081889
300000, "Built-in", 0.067552
300000, "Sequential", 0.064197
300000, "Parallel", 0.084971
300000, "Built-in", 0.064767
300000, "Sequential", 0.060828
300000, "Parallel", 0.079167
300000, "Built-in", 0.061508
300000, "Sequential", 0.059569
300000, "Parallel", 0.079375
300000, "Built-in", 0.071201
300000, "Sequential", 0.086151
300000, "Parallel", 0.099979
300000, "Built-in", 0.071876
400000, "Sequential", 0.097064
400000, "Parallel", 0.114132
400000, "Built-in", 0.103942
400000, "Sequential", 0.090789
400000, "Parallel", 0.105103
400000, "Built-in", 0.090258
400000, "Sequential", 0.098525
400000, "Parallel", 0.111906
400000, "Built-in", 0.093701
400000, "Sequential", 0.109043
400000, "Parallel", 0.115686
400000, "Built-in", 0.090819
400000, "Sequential", 0.084937
400000, "Parallel", 0.113300
400000, "Built-in", 0.083109
400000, "Sequential", 0.082143
400000, "Parallel", 0.114237
400000, "Built-in", 0.087582
400000, "Sequential", 0.086277
400000, "Parallel", 0.111852
400000, "Built-in", 0.086729
400000, "Sequential", 0.088995
400000, "Parallel", 0.110517
400000, "Built-in", 0.100706
400000, "Sequential", 0.099455
400000, "Parallel", 0.130087
400000, "Built-in", 0.079865
400000, "Sequential", 0.095934
400000, "Parallel", 0.107668
400000, "Built-in", 0.095089
400000, "Sequential", 0.083036
400000, "Parallel", 0.107317
400000, "Built-in", 0.085865
400000, "Sequential", 0.081473
400000, "Parallel", 0.106867
400000, "Built-in", 0.088184
400000, "Sequential", 0.094051
400000, "Parallel", 0.109504
400000, "Built-in", 0.096834
400000, "Sequential", 0.105974
400000, "Parallel", 0.120649
400000, "Built-in", 0.106694
400000, "Sequential", 0.100094
400000, "Parallel", 0.112330
400000, "Built-in", 0.087794
400000, "Sequential", 0.113426
400000, "Parallel", 0.118606
400000, "Built-in", 0.118044
400000, "Sequential", 0.103082
400000, "Parallel", 0.118527
400000, "Built-in", 0.092024
400000, "Sequential", 0.086480
400000, "Parallel", 0.112249
400000, "Built-in", 0.110608
400000, "Sequential", 0.112300
400000, "Parallel", 0.123120
400000, "Built-in", 0.092666
400000, "Sequential", 0.100418
400000, "Parallel", 0.177348
400000, "Built-in", 0.132281
500000, "Sequential", 0.139158
500000, "Parallel", 0.127456
500000, "Built-in", 0.155745
500000, "Sequential", 0.119107
500000, "Parallel", 0.136634
500000, "Built-in", 0.142297
500000, "Sequential", 0.112908
500000, "Parallel", 0.141970
500000, "Built-in", 0.127136
500000, "Sequential", 0.118907
500000, "Parallel", 0.174911
500000, "Built-in", 0.113476
500000, "Sequential", 0.143378
500000, "Parallel", 0.181227
500000, "Built-in", 0.134576
500000, "Sequential", 0.155519
500000, "Parallel", 0.131613
500000, "Built-in", 0.151186
500000, "Sequential", 0.108769
500000, "Parallel", 0.133098
500000, "Built-in", 0.156519
500000, "Sequential", 0.109826
500000, "Parallel", 0.132112
500000, "Built-in", 0.101438
500000, "Sequential", 0.111974
500000, "Parallel", 0.131424
500000, "Built-in", 0.104857
500000, "Sequential", 0.115530
500000, "Parallel", 0.136083
500000, "Built-in", 0.108083
500000, "Sequential", 0.113837
500000, "Parallel", 0.149563
500000, "Built-in", 0.110951
500000, "Sequential", 0.120924
500000, "Parallel", 0.138792
500000, "Built-in", 0.112529
500000, "Sequential", 0.113260
500000, "Parallel", 0.137447
500000, "Built-in", 0.113094
500000, "Sequential", 0.116671
500000, "Parallel", 0.144148
500000, "Built-in", 0.117329
500000, "Sequential", 0.101694
500000, "Parallel", 0.233240
500000, "Built-in", 0.115801
500000, "Sequential", 0.111222
500000, "Parallel", 0.127178
500000, "Built-in", 0.112221
500000, "Sequential", 0.116180
500000, "Parallel", 0.136995
500000, "Built-in", 0.106673
500000, "Sequential", 0.110997
500000, "Parallel", 0.148854
500000, "Built-in", 0.110224
500000, "Sequential", 0.113705
500000, "Parallel", 0.136389
500000, "Built-in", 0.115213
500000, "Sequential", 0.116829
500000, "Parallel", 0.138723
500000, "Built-in", 0.115761
600000, "Sequential", 0.154744
600000, "Parallel", 0.160506
600000, "Built-in", 0.136799
600000, "Sequential", 0.150021
600000, "Parallel", 0.152792
600000, "Built-in", 0.142141
600000, "Sequential", 0.141791
600000, "Parallel", 0.153688
600000, "Built-in", 0.135810
600000, "Sequential", 0.156058
600000, "Parallel", 0.170336
600000, "Built-in", 0.137921
600000, "Sequential", 0.146396
600000, "Parallel", 0.161089
600000, "Built-in", 0.136357
600000, "Sequential", 0.156863
600000, "Parallel", 0.151693
600000, "Built-in", 0.137778
600000, "Sequential", 0.148869
600000, "Parallel", 0.154801
600000, "Built-in", 0.130696
600000, "Sequential", 0.135199
600000, "Parallel", 0.148111
600000, "Built-in", 0.133007
600000, "Sequential", 0.147302
600000, "Parallel", 0.148306
600000, "Built-in", 0.138121
600000, "Sequential", 0.137407
600000, "Parallel", 0.160867
600000, "Built-in", 0.136147
600000, "Sequential", 0.143463
600000, "Parallel", 0.170000
600000, "Built-in", 0.136624
600000, "Sequential", 0.136726
600000, "Parallel", 0.162312
600000, "Built-in", 0.135259
600000, "Sequential", 0.146860
600000, "Parallel", 0.157427
600000, "Built-in", 0.132919
600000, "Sequential", 0.151942
600000, "Parallel", 0.163053
600000, "Built-in", 0.140194
600000, "Sequential", 0.157875
600000, "Parallel", 0.158400
600000, "Built-in", 0.136396
600000, "Sequential", 0.152789
600000, "Parallel", 0.158068
600000, "Built-in", 0.144536
600000, "Sequential", 0.133844
600000, "Parallel", 0.162477
600000, "Built-in", 0.142276
600000, "Sequential", 0.161418
600000, "Parallel", 0.165125
600000, "Built-in", 0.134518
600000, "Sequential", 0.183435
600000, "Parallel", 0.163583
600000, "Built-in", 0.140397
600000, "Sequential", 0.143103
600000, "Parallel", 0.164609
600000, "Built-in", 0.137997
700000, "Sequential", 0.174068
700000, "Parallel", 0.174946
700000, "Built-in", 0.157912
700000, "Sequential", 0.167882
700000, "Parallel", 0.177756
700000, "Built-in", 0.152876
700000, "Sequential", 0.183618
700000, "Parallel", 0.176689
700000, "Built-in", 0.164232
700000, "Sequential", 0.181926
700000, "Parallel", 0.180542
700000, "Built-in", 0.154336
700000, "Sequential", 0.178937
700000, "Parallel", 0.181559
700000, "Built-in", 0.160987
700000, "Sequential", 0.177791
700000, "Parallel", 0.173726
700000, "Built-in", 0.186087
700000, "Sequential", 0.205743
700000, "Parallel", 0.179962
700000, "Built-in", 0.185027
700000, "Sequential", 0.198337
700000, "Parallel", 0.164003
700000, "Built-in", 0.152293
700000, "Sequential", 0.167981
700000, "Parallel", 0.178822
700000, "Built-in", 0.158619
700000, "Sequential", 0.180279
700000, "Parallel", 0.173561
700000, "Built-in", 0.165366
700000, "Sequential", 0.182602
700000, "Parallel", 0.197460
700000, "Built-in", 0.152386
700000, "Sequential", 0.181338
700000, "Parallel", 0.182716
700000, "Built-in", 0.154052
700000, "Sequential", 0.180120
700000, "Parallel", 0.180687
700000, "Built-in", 0.163138
700000, "Sequential", 0.173403
700000, "Parallel", 0.174107
700000, "Built-in", 0.165900
700000, "Sequential", 0.178462
700000, "Parallel", 0.173163
700000, "Built-in", 0.170900
700000, "Sequential", 0.185841
700000, "Parallel", 0.183157
700000, "Built-in", 0.167250
700000, "Sequential", 0.173634
700000, "Parallel", 0.166130
700000, "Built-in", 0.164061
700000, "Sequential", 0.172448
700000, "Parallel", 0.172101
700000, "Built-in", 0.168515
700000, "Sequential", 0.165783
700000, "Parallel", 0.187509
700000, "Built-in", 0.165972
700000, "Sequential", 0.172277
700000, "Parallel", 0.178978
700000, "Built-in", 0.175039
800000, "Sequential", 0.255521
800000, "Parallel", 0.213837
800000, "Built-in", 0.183514
800000, "Sequential", 0.204951
800000, "Parallel", 0.196807
800000, "Built-in", 0.178865
800000, "Sequential", 0.217926
800000, "Parallel", 0.199502
800000, "Built-in", 0.183639
800000, "Sequential", 0.202246
800000, "Parallel", 0.209304
800000, "Built-in", 0.207483
800000, "Sequential", 0.214942
800000, "Parallel", 0.191417
800000, "Built-in", 0.180101
800000, "Sequential", 0.213870
800000, "Parallel", 0.192805
800000, "Built-in", 0.188662
800000, "Sequential", 0.208974
800000, "Parallel", 0.198296
800000, "Built-in", 0.187593
800000, "Sequential", 0.199963
800000, "Parallel", 0.190117
800000, "Built-in", 0.192156
800000, "Sequential", 0.216057
800000, "Parallel", 0.195117
800000, "Built-in", 0.181363
800000, "Sequential", 0.202929
800000, "Parallel", 0.188985
800000, "Built-in", 0.197626
800000, "Sequential", 0.216494
800000, "Parallel", 0.196506
800000, "Built-in", 0.175851
800000, "Sequential", 0.216210
800000, "Parallel", 0.206682
800000, "Built-in", 0.190224
800000, "Sequential", 0.206008
800000, "Parallel", 0.202395
800000, "Built-in", 0.179614
800000, "Sequential", 0.209000
800000, "Parallel", 0.198180
800000, "Built-in", 0.197125
800000, "Sequential", 0.207720
800000, "Parallel", 0.199138
800000, "Built-in", 0.180984
800000, "Sequential", 0.221380
800000, "Parallel", 0.195523
800000, "Built-in", 0.181709
800000, "Sequential", 0.210811
800000, "Parallel", 0.200540
800000, "Built-in", 0.185165
800000, "Sequential", 0.212802
800000, "Parallel", 0.191301
800000, "Built-in", 0.188257
800000, "Sequential", 0.207470
800000, "Parallel", 0.209701
800000, "Built-in", 0.185359
800000, "Sequential", 0.208394
800000, "Parallel", 0.211581
800000, "Built-in", 0.187671
900000, "Sequential", 0.254435
900000, "Parallel", 0.227210
900000, "Built-in", 0.212694
900000, "Sequential", 0.260594
900000, "Parallel", 0.233991
900000, "Built-in", 0.215836
900000, "Sequential", 0.229518
900000, "Parallel", 0.224553
900000, "Built-in", 0.221337
900000, "Sequential", 0.240251
900000, "Parallel", 0.229367
900000, "Built-in", 0.210674
900000, "Sequential", 0.280627
900000, "Parallel", 0.235441
900000, "Built-in", 0.206272
900000, "Sequential", 0.240955
900000, "Parallel", 0.220788
900000, "Built-in", 0.257971
900000, "Sequential", 0.237608
900000, "Parallel", 0.211732
900000, "Built-in", 0.230051
900000, "Sequential", 0.220718
900000, "Parallel", 0.236569
900000, "Built-in", 0.209108
900000, "Sequential", 0.241226
900000, "Parallel", 0.240082
900000, "Built-in", 0.207078
900000, "Sequential", 0.256231
900000, "Parallel", 0.234147
900000, "Built-in", 0.239809
900000, "Sequential", 0.253335
900000, "Parallel", 0.222121
900000, "Built-in", 0.211719
900000, "Sequential", 0.243739
900000, "Parallel", 0.224570
900000, "Built-in", 0.228981
900000, "Sequential", 0.256772
900000, "Parallel", 0.243791
900000, "Built-in", 0.243485
900000, "Sequential", 0.274650
900000, "Parallel", 0.244776
900000, "Built-in", 0.240830
900000, "Sequential", 0.253454
900000, "Parallel", 0.221540
900000, "Built-in", 0.214348
900000, "Sequential", 0.255468
900000, "Parallel", 0.242287
900000, "Built-in", 0.232285
900000, "Sequential", 0.233268
900000, "Parallel", 0.222216
900000, "Built-in", 0.215688
900000, "Sequential", 0.237487
900000, "Parallel", 0.243094
900000, "Built-in", 0.220017
900000, "Sequential", 0.242956
900000, "Parallel", 0.230953
900000, "Built-in", 0.235092
900000, "Sequential", 0.233637
900000, "Parallel", 0.224234
900000, "Built-in", 0.214638
1000000, "Sequential", 0.274822
1000000, "Parallel", 0.255270
1000000, "Built-in", 0.251132
1000000, "Sequential", 0.261349
1000000, "Parallel", 0.249103
1000000, "Built-in", 0.238232
1000000, "Sequential", 0.270888
1000000, "Parallel", 0.244388
1000000, "Built-in", 0.236942
1000000, "Sequential", 0.259904
1000000, "Parallel", 0.258304
1000000, "Built-in", 0.235488
1000000, "Sequential", 0.281498
1000000, "Parallel", 0.259203
1000000, "Built-in", 0.243088
1000000, "Sequential", 0.270405
1000000, "Parallel", 0.247906
1000000, "Built-in", 0.238502
1000000, "Sequential", 0.259111
1000000, "Parallel", 0.255290
1000000, "Built-in", 0.244846
1000000, "Sequential", 0.271666
1000000, "Parallel", 0.237137
1000000, "Built-in", 0.242422
1000000, "Sequential", 0.271936
1000000, "Parallel", 0.237955
1000000, "Built-in", 0.236705
1000000, "Sequential", 0.285685
1000000, "Parallel", 0.254724
1000000, "Built-in", 0.246052
1000000, "Sequential", 0.281154
1000000, "Parallel", 0.243175
1000000, "Built-in", 0.252356
1000000, "Sequential", 0.307454
1000000, "Parallel", 0.247731
1000000, "Built-in", 0.241904
1000000, "Sequential", 0.277839
1000000, "Parallel", 0.252168
1000000, "Built-in", 0.247082
1000000, "Sequential", 0.273958
1000000, "Parallel", 0.258330
1000000, "Built-in", 0.237462
1000000, "Sequential", 0.268400
1000000, "Parallel", 0.246415
1000000, "Built-in", 0.243653
1000000, "Sequential", 0.280816
1000000, "Parallel", 0.252163
1000000, "Built-in", 0.244818
1000000, "Sequential", 0.266423
1000000, "Parallel", 0.251719
1000000, "Built-in", 0.241544
1000000, "Sequential", 0.272685
1000000, "Parallel", 0.244963
1000000, "Built-in", 0.248583
1000000, "Sequential", 0.261547
1000000, "Parallel", 0.245898
1000000, "Built-in", 0.242772
1000000, "Sequential", 0.269975
1000000, "Parallel", 0.244514
1000000, "Built-in", 0.253438
